cid1, Transaction Successful
cid2, Transaction Successful
cid3, Transaction Successful
cid4, Transaction Successful
cid5, Transaction Successful
cid6, Transaction Successful
cid7, Transaction Successful
cid8, Transaction Successful
cid9, Transaction Successful
cid10, Transaction Successful
cid11, Transaction Successful
cid12, Transaction Successful
cid13, Transaction Successful
cid14, Transaction Successful
cid15, Transaction Successful
cid16, Transaction Successful
cid17, Transaction Successful
cid18, Transaction Failed
cid19, Transaction Successful
cid20, Transaction Successful
