id,name
cid1,Ivy1
cid2,David2
cid3,Paul3
cid4,Yara4
cid5,Xander5
cid6,Vera6
cid7,Fiona7
cid8,Katherine8
cid9,Alice9
cid10,Katherine10
cid11,Paul11
cid12,Alice12
cid13,Fiona13
cid14,Paul14
cid15,Hannah15
cid16,Alice16
cid17,Charlie17
cid18,Olivia18
cid19,Olivia19
cid20,Vera20
cid21,Katherine21
cid22,Paul22
cid23,Emma23
cid24,Yara24
cid25,Tom25
cid26,Rachel26
cid27,Katherine27
cid28,George28
cid29,Charlie29
cid30,Quincy30
cid31,Jack31
cid32,Charlie32
cid33,Fiona33
cid34,Paul34
cid35,Rachel35
cid36,Xander36
cid37,Bob37
cid38,Jack38
cid39,Zoe39
cid40,Zoe40
cid41,Quincy41
cid42,Sophia42
cid43,Jack43
cid44,Sophia44
cid45,Quincy45
cid46,David46
cid47,Will47
cid48,Vera48
cid49,Mia49
cid50,Sophia50
cid51,Fiona51
cid52,Liam52
cid53,Tom53
cid54,Jack54
cid55,Quincy55
cid56,Tom56
cid57,Bob57
cid58,Mia58
cid59,Ivy59
cid60,George60
cid61,Emma61
cid62,Paul62
cid63,Zoe63
cid64,Uma64
cid65,Ivy65
cid66,Zoe66
cid67,Quincy67
cid68,Jack68
cid69,Katherine69
cid70,Quincy70
cid71,Rachel71
cid72,Hannah72
cid73,Hannah73
cid74,David74
cid75,Xander75
cid76,Ivy76
cid77,Mia77
cid78,Tom78
cid79,Fiona79
cid80,Olivia80
cid81,Emma81
cid82,Yara82
cid83,Yara83
cid84,Hannah84
cid85,Paul85
cid86,Rachel86
cid87,Charlie87
cid88,Xander88
cid89,Uma89
cid90,Katherine90
cid91,Hannah91
cid92,Tom92
cid93,Rachel93
cid94,David94
cid95,David95
cid96,Quincy96
cid97,Uma97
cid98,Yara98
cid99,Sophia99
cid100,Xander100
